model,scope,phase,sample_size,mean_job_ms,p50_job_ms,p95_job_ms,min_job_ms,max_job_ms,std_job_ms,mean_sample_ms,ns_per_step_per_sample,checksum,interventions,age_brackets,genders,oud_behaviors,steps,warmup,repetitions
v1,cold_start,combined,1,6026.593845,6026.593845,6026.593845,6026.593845,6026.593845,0,6026.593845,115896035.48,667550.771836,13,1,1,4,52,3,3
v1,cold_start,combined,5,30798.911271,30798.911271,30798.911271,30798.911271,30798.911271,0,6159.782254,118457351.04,667550.771836,13,1,1,4,52,3,3
v1,cold_start,combined,10,60939.933722,60939.933722,60939.933722,60939.933722,60939.933722,0,6093.993372,117192180.23,667550.771836,13,1,1,4,52,3,3
v1,cold_start,combined,25,149551.755187,149551.755187,149551.755187,149551.755187,149551.755187,0,5982.070207,115039811.68,667550.771836,13,1,1,4,52,3,3
v1,cold_start,combined,50,293165.68223,293165.68223,293165.68223,293165.68223,293165.68223,0,5863.313645,112756031.63,667550.771836,13,1,1,4,52,3,3
v2,cold_start,combined,1,102.961979,102.961979,102.961979,102.961979,102.961979,0,102.961979,1980038.06,96815.763118,4,1,1,2,52,3,3
v2,cold_start,combined,5,66.29371,66.29371,66.29371,66.29371,66.29371,0,13.258742,254975.81,96815.763118,4,1,1,2,52,3,3
v2,cold_start,combined,10,137.302224,137.302224,137.302224,137.302224,137.302224,0,13.730222,264042.74,96815.763118,4,1,1,2,52,3,3
v2,cold_start,combined,25,297.940968,297.940968,297.940968,297.940968,297.940968,0,11.917639,229185.36,96815.763118,4,1,1,2,52,3,3
v2,cold_start,combined,50,1009.367184,1009.367184,1009.367184,1009.367184,1009.367184,0,20.187344,388218.15,96815.763118,4,1,1,2,52,3,3
v1,cold_start,load,1,314.450887,314.450887,314.450887,314.450887,314.450887,0,314.450887,6047132.44,667550.771836,13,1,1,4,52,3,3
v1,cold_start,load,5,1254.458838,1254.458838,1254.458838,1254.458838,1254.458838,0,250.891768,4824841.68,667550.771836,13,1,1,4,52,3,3
v1,cold_start,load,10,2498.163328,2498.163328,2498.163328,2498.163328,2498.163328,0,249.816333,4804160.25,667550.771836,13,1,1,4,52,3,3
v1,cold_start,load,25,6330.245061,6330.245061,6330.245061,6330.245061,6330.245061,0,253.209802,4869419.28,667550.771836,13,1,1,4,52,3,3
v1,cold_start,load,50,12456.348115,12456.348115,12456.348115,12456.348115,12456.348115,0,249.126962,4790903.12,667550.771836,13,1,1,4,52,3,3
v2,cold_start,load,1,14.492163,14.492163,14.492163,14.492163,14.492163,0,14.492163,278695.44,96815.763118,4,1,1,2,52,3,3
v2,cold_start,load,5,59.922679,59.922679,59.922679,59.922679,59.922679,0,11.984536,230471.84,96815.763118,4,1,1,2,52,3,3
v2,cold_start,load,10,150.410501,150.410501,150.410501,150.410501,150.410501,0,15.04105,289250.96,96815.763118,4,1,1,2,52,3,3
v2,cold_start,load,25,292.041303,292.041303,292.041303,292.041303,292.041303,0,11.681652,224647.16,96815.763118,4,1,1,2,52,3,3
v2,cold_start,load,50,917.64354,917.64354,917.64354,917.64354,917.64354,0,18.352871,352939.82,96815.763118,4,1,1,2,52,3,3
v1,cold_start,run,1,0.488327,0.488327,0.488327,0.488327,0.488327,0,0.488327,9390.9,667550.771836,13,1,1,4,52,3,3
v1,cold_start,run,5,2.359761,2.359761,2.359761,2.359761,2.359761,0,0.471952,9076,667550.771836,13,1,1,4,52,3,3
v1,cold_start,run,10,4.714083,4.714083,4.714083,4.714083,4.714083,0,0.471408,9065.54,667550.771836,13,1,1,4,52,3,3
v1,cold_start,run,25,11.408823,11.408823,11.408823,11.408823,11.408823,0,0.456353,8776.02,667550.771836,13,1,1,4,52,3,3
v1,cold_start,run,50,22.924497,22.924497,22.924497,22.924497,22.924497,0,0.45849,8817.11,667550.771836,13,1,1,4,52,3,3
v2,cold_start,run,1,0.052004,0.052004,0.052004,0.052004,0.052004,0,0.052004,1000.08,96815.763118,4,1,1,2,52,3,3
v2,cold_start,run,5,0.181069,0.181069,0.181069,0.181069,0.181069,0,0.036214,696.42,96815.763118,4,1,1,2,52,3,3
v2,cold_start,run,10,0.334795,0.334795,0.334795,0.334795,0.334795,0,0.03348,643.84,96815.763118,4,1,1,2,52,3,3
v2,cold_start,run,25,0.766851,0.766851,0.766851,0.766851,0.766851,0,0.030674,589.89,96815.763118,4,1,1,2,52,3,3
v2,cold_start,run,50,4.342705,4.342705,4.342705,4.342705,4.342705,0,0.086854,1670.27,96815.763118,4,1,1,2,52,3,3
v1,cold_start,setup,1,3754.811789,3754.811789,3754.811789,3754.811789,3754.811789,0,3754.811789,72207919.02,NA,13,1,1,4,52,3,3
v1,cold_start,write,1,2.079064,2.079064,2.079064,2.079064,2.079064,0,2.079064,39982,667550.771836,13,1,1,4,52,3,3
v1,cold_start,write,5,10.56035,10.56035,10.56035,10.56035,10.56035,0,2.11207,40616.73,667550.771836,13,1,1,4,52,3,3
v1,cold_start,write,10,20.602186,20.602186,20.602186,20.602186,20.602186,0,2.060219,39619.59,667550.771836,13,1,1,4,52,3,3
v1,cold_start,write,25,57.368845,57.368845,57.368845,57.368845,57.368845,0,2.294754,44129.88,667550.771836,13,1,1,4,52,3,3
v1,cold_start,write,50,100.082033,100.082033,100.082033,100.082033,100.082033,0,2.001641,38493.09,667550.771836,13,1,1,4,52,3,3
v2,cold_start,write,1,1.015976,1.015976,1.015976,1.015976,1.015976,0,1.015976,19538,96815.763118,4,1,1,2,52,3,3
v2,cold_start,write,5,0.983392,0.983392,0.983392,0.983392,0.983392,0,0.196678,3782.28,96815.763118,4,1,1,2,52,3,3
v2,cold_start,write,10,1.176572,1.176572,1.176572,1.176572,1.176572,0,0.117657,2262.64,96815.763118,4,1,1,2,52,3,3
v2,cold_start,write,25,0.697017,0.697017,0.697017,0.697017,0.697017,0,0.027881,536.17,96815.763118,4,1,1,2,52,3,3
v2,cold_start,write,50,2.03392,2.03392,2.03392,2.03392,2.03392,0,0.040678,782.28,96815.763118,4,1,1,2,52,3,3
v1,steady_state,combined,1,5893.245409,5952.489086,6039.546252,5687.700889,6039.546252,183.251602,5893.245409,113331642.48,667550.771836,13,1,1,4,52,3,3
v1,steady_state,combined,5,30200.929637,30479.844839,30547.394011,29575.550061,30547.394011,542.646693,6040.185927,116157421.68,667550.771836,13,1,1,4,52,3,3
v1,steady_state,combined,10,58895.162631,58979.606248,59022.312587,58683.569057,59022.312587,184.485333,5889.516263,113259928.14,667550.771836,13,1,1,4,52,3,3
v1,steady_state,combined,25,149435.32507,149594.918597,150150.802336,148560.254276,150150.802336,807.194743,5977.413003,114950250.05,667550.771836,13,1,1,4,52,3,3
v1,steady_state,combined,50,298451.935693,297022.291041,302506.992618,295826.523419,302506.992618,3562.313862,5969.038714,114789206.04,667550.771836,13,1,1,4,52,3,3
v2,steady_state,combined,1,13.084258,12.743623,13.996218,12.512934,13.996218,0.798159,13.084258,251620.35,96815.763118,4,1,1,2,52,3,3
v2,steady_state,combined,5,62.269331,63.219557,64.657834,58.930603,64.657834,2.979512,12.453866,239497.43,96815.763118,4,1,1,2,52,3,3
v2,steady_state,combined,10,122.597649,119.673681,136.834322,111.284944,136.834322,13.023243,12.259765,235764.71,96815.763118,4,1,1,2,52,3,3
v2,steady_state,combined,25,481.118361,476.866597,493.353497,473.134989,493.353497,10.758956,19.244734,370091.05,96815.763118,4,1,1,2,52,3,3
v2,steady_state,combined,50,957.181993,967.585743,992.961362,910.998874,992.961362,41.959991,19.14364,368146.92,96815.763118,4,1,1,2,52,3,3
v1,steady_state,load,1,247.202635,247.111447,247.628777,246.86768,247.628777,0.388656,247.202635,4753896.82,667550.771836,13,1,1,4,52,3,3
v1,steady_state,load,5,1271.708711,1257.927345,1306.930306,1250.268483,1306.930306,30.742236,254.341742,4891187.35,667550.771836,13,1,1,4,52,3,3
v1,steady_state,load,10,2387.1594019999998,2415.373088,2491.379286,2254.725832,2491.379286,120.823108,238.71594,4590691.16,667550.771836,13,1,1,4,52,3,3
v1,steady_state,load,25,6141.763535,6120.008698,6251.97122,6053.310688,6251.97122,101.101219,245.670541,4724433.49,667550.771836,13,1,1,4,52,3,3
v1,steady_state,load,50,12695.113055,12563.986425,13041.90803,12479.444709,13041.90803,303.293408,253.902261,4882735.79,667550.771836,13,1,1,4,52,3,3
v2,steady_state,load,1,11.96971,11.688182,13.200951,11.019998,13.200951,1.1174,11.96971,230186.74,96815.763118,4,1,1,2,52,3,3
v2,steady_state,load,5,60.753875,60.319048,61.644144,60.298432,61.644144,0.771065,12.150775,233668.75,96815.763118,4,1,1,2,52,3,3
v2,steady_state,load,10,118.342549,115.408008,126.169629,113.45001,126.169629,6.848783,11.834255,227581.82,96815.763118,4,1,1,2,52,3,3
v2,steady_state,load,25,448.253211,426.356239,507.683682,410.719712,507.683682,52.058726,17.930128,344810.16,96815.763118,4,1,1,2,52,3,3
v2,steady_state,load,50,1005.377098,1005.460959,1011.140702,999.529633,1011.140702,5.805989,20.107542,386683.5,96815.763118,4,1,1,2,52,3,3
v1,steady_state,run,1,0.44831,0.449115,0.453543,0.442272,0.453543,0.005678,0.44831,8621.35,667550.771836,13,1,1,4,52,3,3
v1,steady_state,run,5,2.285994,2.287726,2.305286,2.264969,2.305286,0.020214,0.457199,8792.28,667550.771836,13,1,1,4,52,3,3
v1,steady_state,run,10,4.273836,4.318242,4.486597,4.016668,4.486597,0.238091,0.427384,8218.91,667550.771836,13,1,1,4,52,3,3
v1,steady_state,run,25,11.139349,11.037765,11.346356,11.033927,11.346356,0.179283,0.445574,8568.73,667550.771836,13,1,1,4,52,3,3
v1,steady_state,run,50,22.651363,22.667821,22.670893,22.615374,22.670893,0.031205,0.453027,8712.06,667550.771836,13,1,1,4,52,3,3
v2,steady_state,run,1,0.04457,0.044561,0.055085,0.034063,0.055085,0.010511,0.04457,857.11,96815.763118,4,1,1,2,52,3,3
v2,steady_state,run,5,0.198538,0.194036,0.207624,0.193955,0.207624,0.007869,0.039708,763.61,96815.763118,4,1,1,2,52,3,3
v2,steady_state,run,10,0.313827,0.302712,0.338628,0.300141,0.338628,0.021517,0.031383,603.51,96815.763118,4,1,1,2,52,3,3
v2,steady_state,run,25,1.408308,1.235403,2.238946,0.750576,2.238946,0.7591,0.056332,1083.31,96815.763118,4,1,1,2,52,3,3
v2,steady_state,run,50,3.056324,2.617848,3.935226,2.615898,3.935226,0.761152,0.061126,1175.51,96815.763118,4,1,1,2,52,3,3
v1,steady_state,write,1,4.296623,2.014007,8.867317,2.008544,8.867317,3.958338,4.296623,82627.36,667550.771836,13,1,1,4,52,3,3
v1,steady_state,write,5,10.35425,10.404113,10.411605,10.247031,10.411605,0.09293,2.07085,39824.04,667550.771836,13,1,1,4,52,3,3
v1,steady_state,write,10,19.530939,19.767306,20.349544,18.475968,20.349544,0.958892,1.953094,37559.5,667550.771836,13,1,1,4,52,3,3
v1,steady_state,write,25,53.028249,50.540437,59.181735,49.362575,59.181735,5.361519,2.12113,40790.96,667550.771836,13,1,1,4,52,3,3
v1,steady_state,write,50,110.753233,103.227764,127.369664,101.662271,127.369664,14.411524,2.215065,42597.4,667550.771836,13,1,1,4,52,3,3
v2,steady_state,write,1,1.137534,1.042474,1.542792,0.827337,1.542792,0.367078,1.137534,21875.66,96815.763118,4,1,1,2,52,3,3
v2,steady_state,write,5,1.066451,1.016726,1.208698,0.973928,1.208698,0.125035,0.21329,4101.73,96815.763118,4,1,1,2,52,3,3
v2,steady_state,write,10,0.849008,0.900778,0.900982,0.745263,0.900982,0.089846,0.084901,1632.71,96815.763118,4,1,1,2,52,3,3
v2,steady_state,write,25,1.583134,1.251196,2.268137,1.230068,2.268137,0.593324,0.063325,1217.8,96815.763118,4,1,1,2,52,3,3
v2,steady_state,write,50,1.943627,1.976414,2.130711,1.723756,2.130711,0.205449,0.038873,747.55,96815.763118,4,1,1,2,52,3,3
