model,scope,phase,sample_size,mean_job_ms,p50_job_ms,p95_job_ms,min_job_ms,max_job_ms,std_job_ms,mean_sample_ms,ns_per_step_per_sample,checksum,interventions,age_brackets,genders,oud_behaviors,steps,warmup,repetitions
v2,cold_start,combined,1,399.247250,399.247250,399.247250,399.247250,399.247250,0.000000,399.247250,7677831.73,4919534.367032,13,1,1,4,52,3,3
v2,cold_start,load,1,121.965666,121.965666,121.965666,121.965666,121.965666,0.000000,121.965666,2345493.58,4919534.367032,13,1,1,4,52,3,3
v2,cold_start,run,1,0.730279,0.730279,0.730279,0.730279,0.730279,0.000000,0.730279,14043.83,4919534.367032,13,1,1,4,52,3,3
v2,cold_start,write,1,22.848345,22.848345,22.848345,22.848345,22.848345,0.000000,22.848345,439391.25,4919534.367032,13,1,1,4,52,3,3
v2,steady_state,combined,1,430.880306,379.762422,588.657246,324.221250,588.657246,139.432340,430.880306,8286159.73,4919534.367032,13,1,1,4,52,3,3
v2,steady_state,load,1,47.842354,47.709097,48.175981,47.641983,48.175981,0.290872,47.842354,920045.26,4919534.367032,13,1,1,4,52,3,3
v2,steady_state,run,1,0.804403,0.767129,0.886096,0.759984,0.886096,0.070838,0.804403,15469.29,4919534.367032,13,1,1,4,52,3,3
v2,steady_state,write,1,13.068241,12.999945,13.289152,12.915625,13.289152,0.195905,13.068241,251312.32,4919534.367032,13,1,1,4,52,3,3
v2,cold_start,combined,5,520.218290,520.218290,520.218290,520.218290,520.218290,0.000000,104.043658,2000839.58,24597671.835161,13,1,1,4,52,3,3
v2,cold_start,load,5,158.166052,158.166052,158.166052,158.166052,158.166052,0.000000,31.633210,608330.97,24597671.835161,13,1,1,4,52,3,3
v2,cold_start,run,5,3.997286,3.997286,3.997286,3.997286,3.997286,0.000000,0.799457,15374.18,24597671.835161,13,1,1,4,52,3,3
v2,cold_start,write,5,30.457121,30.457121,30.457121,30.457121,30.457121,0.000000,6.091424,117142.77,24597671.835161,13,1,1,4,52,3,3
v2,steady_state,combined,5,496.502314,479.861230,531.890288,477.755425,531.890288,30.664966,99.300463,1909624.29,24597671.835161,13,1,1,4,52,3,3
v2,steady_state,load,5,198.765594,195.339493,221.220188,179.737102,221.220188,20.952690,39.753119,764483.06,24597671.835161,13,1,1,4,52,3,3
v2,steady_state,run,5,3.200040,3.138435,3.762912,2.698774,3.762912,0.534737,0.640008,12307.85,24597671.835161,13,1,1,4,52,3,3
v2,steady_state,write,5,36.321496,36.697378,37.948078,34.319033,37.948078,1.843490,7.264299,139698.06,24597671.835161,13,1,1,4,52,3,3
v2,cold_start,combined,10,727.322272,727.322272,727.322272,727.322272,727.322272,0.000000,72.732227,1398696.68,49195343.670320,13,1,1,4,52,3,3
v2,cold_start,load,10,345.149958,345.149958,345.149958,345.149958,345.149958,0.000000,34.514996,663749.92,49195343.670320,13,1,1,4,52,3,3
v2,cold_start,run,10,4.733394,4.733394,4.733394,4.733394,4.733394,0.000000,0.473339,9102.68,49195343.670320,13,1,1,4,52,3,3
v2,cold_start,write,10,75.857612,75.857612,75.857612,75.857612,75.857612,0.000000,7.585761,145880.02,49195343.670320,13,1,1,4,52,3,3
v2,steady_state,combined,10,733.999955,694.896988,847.178005,659.924873,847.178005,99.562621,73.399996,1411538.38,49195343.670320,13,1,1,4,52,3,3
v2,steady_state,load,10,323.952831,311.354376,352.063469,308.440648,352.063469,24.388080,32.395283,622986.21,49195343.670320,13,1,1,4,52,3,3
v2,steady_state,run,10,6.401533,6.117002,8.482770,4.604826,8.482770,1.954567,0.640153,12310.64,49195343.670320,13,1,1,4,52,3,3
v2,steady_state,write,10,82.121252,83.763964,103.347867,59.251926,103.347867,22.093820,8.212125,157925.49,49195343.670320,13,1,1,4,52,3,3
v2,cold_start,combined,25,1186.639869,1186.639869,1186.639869,1186.639869,1186.639869,0.000000,47.465595,912799.90,122988359.175761,13,1,1,4,52,3,3
v2,cold_start,load,25,746.716620,746.716620,746.716620,746.716620,746.716620,0.000000,29.868665,574397.40,122988359.175761,13,1,1,4,52,3,3
v2,cold_start,run,25,17.031933,17.031933,17.031933,17.031933,17.031933,0.000000,0.681277,13101.49,122988359.175761,13,1,1,4,52,3,3
v2,cold_start,write,25,152.171723,152.171723,152.171723,152.171723,152.171723,0.000000,6.086869,117055.17,122988359.175761,13,1,1,4,52,3,3
v2,steady_state,combined,25,1358.173999,1344.824118,1448.788119,1280.909759,1448.788119,84.731638,54.326960,1044749.23,122988359.175761,13,1,1,4,52,3,3
v2,steady_state,load,25,763.325094,761.613460,854.301646,674.060176,854.301646,90.132925,30.533004,587173.15,122988359.175761,13,1,1,4,52,3,3
v2,steady_state,run,25,20.742387,20.192639,24.361527,17.672995,24.361527,3.377985,0.829695,15955.68,122988359.175761,13,1,1,4,52,3,3
v2,steady_state,write,25,203.161206,199.387665,218.135845,191.960108,218.135845,13.489700,8.126448,156277.85,122988359.175761,13,1,1,4,52,3,3
v2,cold_start,combined,50,1998.996686,1998.996686,1998.996686,1998.996686,1998.996686,0.000000,39.979934,768844.88,245976718.351679,13,1,1,4,52,3,3
v2,cold_start,load,50,1353.112519,1353.112519,1353.112519,1353.112519,1353.112519,0.000000,27.062250,520427.89,245976718.351679,13,1,1,4,52,3,3
v2,cold_start,run,50,35.081755,35.081755,35.081755,35.081755,35.081755,0.000000,0.701635,13492.98,245976718.351679,13,1,1,4,52,3,3
v2,cold_start,write,50,245.581036,245.581036,245.581036,245.581036,245.581036,0.000000,4.911621,94454.24,245976718.351679,13,1,1,4,52,3,3
v2,steady_state,combined,50,2390.658376,2492.909150,2587.675640,2091.390337,2587.675640,263.469526,47.813168,919483.99,245976718.351679,13,1,1,4,52,3,3
v2,steady_state,load,50,1470.337458,1481.519862,1564.299476,1365.193035,1564.299476,100.023139,29.406749,565514.41,245976718.351679,13,1,1,4,52,3,3
v2,steady_state,run,50,37.686375,39.698535,40.113806,33.246783,40.113806,3.850402,0.753727,14494.76,245976718.351679,13,1,1,4,52,3,3
v2,steady_state,write,50,472.785787,459.963762,627.668369,330.725229,627.668369,148.886233,9.455716,181840.69,245976718.351679,13,1,1,4,52,3,3
